{"performance": {"ccp": {"friedman1": [0.8762368044781463, 0.9303309871011879, 1.0026316804888051, 0.9833737501039989, 1.090249592615005, 1.1951134859782577, 1.1331264262790979, 0.9904316641577631, 1.0594544325481872, 0.7020358240559753], "friedman3": [1.0010629862960876, 1.003575835674149, 0.9970523181119123, 0.9998440097732108, 1.0090551463109845, 1.0049660881184674, 1.0056996581403297, 1.0012839663102115, 1.0523527597162627, 1.0007936915244717], "diabetes-regr": [0.7720265690733875, 0.7452323171099541, 0.8325758064790922, 0.8941505211057318, 0.792023601701062, 0.9722262954070139, 0.8554690906131328, 1.020007777366439, 0.7493808265055679, 1.047679906226528], "geographical-music": [0.949863641732479, 0.960969188234991, 0.8488440332944779, 0.8959553445125134, 0.8973441882479773, 0.8948472622240576, 0.8810728336855089, 0.8502990968139551, 0.8629433276955926, 0.9431894019371354], "red-wine": [0.7944055456066615, 0.7787482751202794, 0.6850850002882977, 0.7032687930639241, 0.6337632697853469, 0.8035294255417081, 0.69282599461155, 0.790520499856334, 0.6574406175344578, 0.6661930825563553], "abalone": [0.7952768787788426, 0.8362223165894224, 0.8086273998142588, 0.756685537561398, 0.7885039504029651, 0.8395282123727189, 0.7431413430455471, 0.7850450986074287, 0.8339058540547598, 0.7889821287751598], "satellite-image": [0.7821383960108506, 0.8306888428648254, 0.8189707158249138, 0.8439220177572933, 0.8186205132439084, 0.795368093194486, 0.7529577476975635, 0.8788327385391501, 0.9769884532628684, 0.8013199371608093], "california-housing": [0.9174368237630751, 0.9128310269737623, 0.9284310201821795, 0.9129149219803158, 0.9232099929974741, 0.9290784648597347, 0.9166602818238562, 0.929064003838584, 0.9172687463741324, 0.9188137850815906], "heart": [0.7164432483232943, 0.6009501792157121, 0.836438141263782, 0.800690747283995, 0.7084410899345965, 0.6911249565988967, 0.5926255892255893, 0.7392610673120132, 0.8019807237391725, 0.4788123875811376], "breast-cancer": [0.5040534984386752, 0.5130917298760732, 0.5118260257614377, 0.6382393432655186, 0.7242970336434688, 0.6566057220880042, 0.6084634822411341, 0.58328585505154, 0.4816495251160594, 0.6436657447753483], "haberman": [0.6528639085412602, 0.49594621672583794, 0.6456708633317944, 0.5622985498786772, 0.5308507011458953, 0.5011791422831687, 0.6823807252228951, 0.5239600123869491, 0.5723193179288796, 0.5459045801783159], "ionosphere": [0.7919744348017033, 0.8556867283950619, 1.223627034591118, 0.9417779979142298, 0.5878690606934264, 0.9749437208710601, 0.7136744713895469, 0.7737418776948374, 1.1520629577650103, 0.9150004649446837], "diabetes": [0.6351297484800581, 0.6163634566696268, 0.6548959211438994, 0.6357298804121773, 0.6021285335089888, 0.5046885929272662, 0.8301215918955689, 0.5855530901874634, 0.5698643804388268, 0.6660422222634806], "german-credit": [0.648800247371676, 0.659750104123282, 0.7142154926486726, 0.7145989558614142, 0.7200538237272931, 0.7635841836734694, 0.6150188964474679, 0.6688102040816326, 0.6354736842105264, 0.6707777777777778], "juvenile": [0.4998295140926979, 0.6115022666486812, 0.6401977080685697, 0.6011769488077838, 0.5735477026630953, 0.598095721457871, 0.5097762576626043, 0.7228858846174483, 0.5844903064330452, 0.6408525946381249], "recidivism": [0.6039676690591679, 0.6565311455407232, 0.6438801158617515, 0.6455011314445543, 0.6160240256903026, 0.62223569987031, 0.6355812400301146, 0.5998758273574202, 0.6221427104127115, 0.6483638465277822]}, "tv": {"friedman1": [0.937075634238168, 0.9345787625794879, 0.9038766169867076, 0.9285002195862514, 0.9882829235790537, 0.9617472929705142, 0.9762402455221219, 0.9173103740608772, 0.9278281404317901, 0.9187983849395428], "friedman3": [0.9652473859776243, 0.9830658451438045, 0.8919088547613352, 0.8933245557859841, 0.9486674424887398, 0.8771131886962148, 0.9792500627789491, 1.0280875052486984, 0.9404353545080081, 1.0177331039674045], "diabetes-regr": [0.9262579176487072, 0.9288459308354139, 0.9316053466774827, 0.9525159456138009, 0.9258797594279748, 0.9216086048495016, 0.9370361802874573, 0.9151371319824995, 0.9237787417658998, 0.9279744098557264], "geographical-music": [0.9640580934942665, 0.9344593980941354, 0.9370371215858152, 0.9427181128028529, 0.9489508436163426, 0.9513265482443852, 0.9418284800332594, 0.9556658434841265, 0.9515791113091607, 0.9586278769919357], "red-wine": [0.9420434363439726, 0.9378838681437568, 0.9222076823255091, 0.9274010001061269, 0.9339548830490259, 0.938533834470502, 0.9279903208409587, 0.9371008181610847, 0.9430401614144244, 0.936988599231688], "abalone": [0.927713326966621, 0.936972716999996, 0.9204552436887589, 0.9272640368893753, 0.9173154404999758, 0.9275547430893617, 0.9190909620633778, 0.9267396671035621, 0.934127567790497, 0.9229363548381898], "satellite-image": [0.9327289937453468, 0.9551830907763249, 0.9362643435666006, 0.9463075003924674, 0.9390755429711269, 0.9342310543374217, 0.928406414927695, 0.9454635653451914, 0.9501175933808885, 0.9479932327495847], "california-housing": [0.9357533502994598, 0.9339161271404424, 0.9416855030633182, 0.9299019758602283, 0.9353116377533254, 0.9322301984257824, 0.9314098744509895, 0.9390330594517731, 0.9375152227182748, 0.9372992899057653], "heart": [0.9275433498914702, 0.8883070514657995, 0.9322371007113815, 0.9170887808884344, 0.9189108737833995, 0.8881861615561555, 0.8961404060402915, 0.9139669888344185, 0.9032549961142933, 0.8457883220393577], "breast-cancer": [0.9057615533270588, 0.8612603280181825, 0.904232515028567, 0.8624360244786891, 0.878956985210051, 0.8812937719637536, 0.8959215032537201, 0.8727890510448847, 0.8654584735647026, 0.9022648120161698], "haberman": [0.8964162959866352, 0.8809730196173761, 0.8823803693152218, 0.888296336190728, 0.8698278698886909, 0.8899681938176184, 0.8767582511083473, 0.8600796000992766, 0.8860123940218485, 0.9011737504366851], "ionosphere": [0.9167501520423715, 0.979122639103772, 0.9469144472719342, 0.9090235355305686, 0.9027496623316132, 0.9647906267514463, 0.9383118698337657, 0.9106714569874084, 0.9720864515105497, 0.9508128590409352], "diabetes": [0.9022402260924632, 0.9203261760523701, 0.9236548327263707, 0.9295853756038877, 0.9201036350496427, 0.9015748209211919, 0.9361986297175298, 0.9382031965667236, 0.9113434456891999, 0.9144241371897798], "german-credit": [0.9044436485479947, 0.9093892546474356, 0.8898667772531857, 0.9221590574346309, 0.9094390802337118, 0.9283113124754817, 0.911573598039676, 0.9121119185314698, 0.9238245232516168, 0.9251891626221365], "juvenile": [0.909951143899234, 0.9201446418558972, 0.9312543596945871, 0.9295902387826911, 0.9139075262271142, 0.9202475372742976, 0.909778707023911, 0.9072323221005991, 0.9252048428641974, 0.9363445336885289], "recidivism": [0.8980559532915089, 0.8987940978888608, 0.8984570359218765, 0.8966964006676241, 0.8997680559654581, 0.8927287994806796, 0.9031058144382395, 0.8999603205454393, 0.8970957276348385, 0.9031433872228024]}}, "running_time": {"ccp": {"friedman1": [0.11942195892333984, 0.10450267791748047, 0.10599517822265625, 0.1235816478729248, 0.10725760459899902, 0.10394048690795898, 0.11837244033813477, 0.10844254493713379, 0.10538458824157715, 0.10964298248291016], "friedman3": [0.10407447814941406, 0.0893106460571289, 0.09318709373474121, 0.10037779808044434, 0.09647750854492188, 0.08949041366577148, 0.09003138542175293, 0.10248422622680664, 0.09450745582580566, 0.0895535945892334], "diabetes-regr": [0.17818450927734375, 0.16001391410827637, 0.16721534729003906, 0.16484808921813965, 0.16701483726501465, 0.16555023193359375, 0.1663494110107422, 0.1682291030883789, 0.1623237133026123, 0.17933249473571777], "geographical-music": [2.9646143913269043, 3.161449909210205, 3.0741686820983887, 3.074713706970215, 3.004542350769043, 3.0723319053649902, 3.0908548831939697, 3.0793936252593994, 3.0768542289733887, 3.0665676593780518],